"Sample Number","Culmen Length (mm)","Sex","X","Z"
1,39.1,"MALE",39.1,0
2,39.5,"FEMALE",39.5,1
3,40.3,"FEMALE",40.3,1
5,36.7,"FEMALE",36.7,1
6,39.3,"MALE",39.3,0
7,38.9,"FEMALE",38.9,1
8,39.2,"MALE",39.2,0
13,41.1,"FEMALE",41.1,1
14,38.6,"MALE",38.6,0
15,34.6,"MALE",34.6,0
16,36.6,"FEMALE",36.6,1
17,38.7,"FEMALE",38.7,1
18,42.5,"MALE",42.5,0
19,34.4,"FEMALE",34.4,1
20,46,"MALE",46,0
21,37.8,"FEMALE",37.8,1
22,37.7,"MALE",37.7,0
23,35.9,"FEMALE",35.9,1
24,38.2,"MALE",38.2,0
25,38.8,"MALE",38.8,0
26,35.3,"FEMALE",35.3,1
27,40.6,"MALE",40.6,0
28,40.5,"FEMALE",40.5,1
29,37.9,"FEMALE",37.9,1
30,40.5,"MALE",40.5,0
31,39.5,"FEMALE",39.5,1
32,37.2,"MALE",37.2,0
33,39.5,"FEMALE",39.5,1
34,40.9,"MALE",40.9,0
35,36.4,"FEMALE",36.4,1
36,39.2,"MALE",39.2,0
37,38.8,"MALE",38.8,0
38,42.2,"FEMALE",42.2,1
39,37.6,"FEMALE",37.6,1
40,39.8,"MALE",39.8,0
41,36.5,"FEMALE",36.5,1
42,40.8,"MALE",40.8,0
43,36,"FEMALE",36,1
44,44.1,"MALE",44.1,0
45,37,"FEMALE",37,1
46,39.6,"MALE",39.6,0
47,41.1,"MALE",41.1,0
49,36,"FEMALE",36,1
50,42.3,"MALE",42.3,0
51,39.6,"FEMALE",39.6,1
52,40.1,"MALE",40.1,0
53,35,"FEMALE",35,1
54,42,"MALE",42,0
55,34.5,"FEMALE",34.5,1
56,41.4,"MALE",41.4,0
57,39,"FEMALE",39,1
58,40.6,"MALE",40.6,0
59,36.5,"FEMALE",36.5,1
60,37.6,"MALE",37.6,0
61,35.7,"FEMALE",35.7,1
62,41.3,"MALE",41.3,0
63,37.6,"FEMALE",37.6,1
64,41.1,"MALE",41.1,0
65,36.4,"FEMALE",36.4,1
66,41.6,"MALE",41.6,0
67,35.5,"FEMALE",35.5,1
68,41.1,"MALE",41.1,0
69,35.9,"FEMALE",35.9,1
70,41.8,"MALE",41.8,0
71,33.5,"FEMALE",33.5,1
72,39.7,"MALE",39.7,0
73,39.6,"FEMALE",39.6,1
74,45.8,"MALE",45.8,0
75,35.5,"FEMALE",35.5,1
76,42.8,"MALE",42.8,0
77,40.9,"FEMALE",40.9,1
78,37.2,"MALE",37.2,0
79,36.2,"FEMALE",36.2,1
80,42.1,"MALE",42.1,0
81,34.6,"FEMALE",34.6,1
82,42.9,"MALE",42.9,0
83,36.7,"FEMALE",36.7,1
84,35.1,"MALE",35.1,0
85,37.3,"FEMALE",37.3,1
86,41.3,"MALE",41.3,0
87,36.3,"MALE",36.3,0
88,36.9,"FEMALE",36.9,1
89,38.3,"MALE",38.3,0
90,38.9,"FEMALE",38.9,1
91,35.7,"FEMALE",35.7,1
92,41.1,"MALE",41.1,0
93,34,"FEMALE",34,1
94,39.6,"MALE",39.6,0
95,36.2,"FEMALE",36.2,1
96,40.8,"MALE",40.8,0
97,38.1,"FEMALE",38.1,1
98,40.3,"MALE",40.3,0
99,33.1,"FEMALE",33.1,1
100,43.2,"MALE",43.2,0
101,35,"FEMALE",35,1
102,41,"MALE",41,0
103,37.7,"FEMALE",37.7,1
104,37.8,"MALE",37.8,0
105,37.9,"FEMALE",37.9,1
106,39.7,"MALE",39.7,0
107,38.6,"FEMALE",38.6,1
108,38.2,"MALE",38.2,0
109,38.1,"FEMALE",38.1,1
110,43.2,"MALE",43.2,0
111,38.1,"FEMALE",38.1,1
112,45.6,"MALE",45.6,0
113,39.7,"FEMALE",39.7,1
114,42.2,"MALE",42.2,0
115,39.6,"FEMALE",39.6,1
116,42.7,"MALE",42.7,0
117,38.6,"FEMALE",38.6,1
118,37.3,"MALE",37.3,0
119,35.7,"FEMALE",35.7,1
120,41.1,"MALE",41.1,0
121,36.2,"FEMALE",36.2,1
122,37.7,"MALE",37.7,0
123,40.2,"FEMALE",40.2,1
124,41.4,"MALE",41.4,0
125,35.2,"FEMALE",35.2,1
126,40.6,"MALE",40.6,0
127,38.8,"FEMALE",38.8,1
128,41.5,"MALE",41.5,0
129,39,"FEMALE",39,1
130,44.1,"MALE",44.1,0
131,38.5,"FEMALE",38.5,1
132,43.1,"MALE",43.1,0
133,36.8,"FEMALE",36.8,1
134,37.5,"MALE",37.5,0
135,38.1,"FEMALE",38.1,1
136,41.1,"MALE",41.1,0
137,35.6,"FEMALE",35.6,1
138,40.2,"MALE",40.2,0
139,37,"FEMALE",37,1
140,39.7,"MALE",39.7,0
141,40.2,"FEMALE",40.2,1
142,40.6,"MALE",40.6,0
143,32.1,"FEMALE",32.1,1
144,40.7,"MALE",40.7,0
145,37.3,"FEMALE",37.3,1
146,39,"MALE",39,0
147,39.2,"MALE",39.2,0
148,36.6,"FEMALE",36.6,1
149,36,"FEMALE",36,1
150,37.8,"MALE",37.8,0
151,36,"FEMALE",36,1
152,41.5,"MALE",41.5,0
