"source_row","temp_c","rh_pct","area_ha","X","Y","Z"
139,18,42,0.36,18,42,0.36
140,21.7,38,0.43,21.7,38,0.43
141,21.9,39,0.47,21.9,39,0.47
142,23.3,31,0.55,23.3,31,0.55
143,21.2,51,0.61,21.2,51,0.61
144,16.6,53,0.71,16.6,53,0.71
145,23.8,32,0.77,23.8,32,0.77
146,27.4,22,0.9,27.4,22,0.9
147,13.2,40,0.95,13.2,40,0.95
148,24.2,28,0.96,24.2,28,0.96
149,17.4,43,1.07,17.4,43,1.07
150,23.7,25,1.12,23.7,25,1.12
151,23.2,39,1.19,23.2,39,1.19
152,24.8,29,1.36,24.8,29,1.36
153,24.6,43,1.43,24.6,43,1.43
154,20.1,47,1.46,20.1,47,1.46
155,29.6,27,1.46,29.6,27,1.46
156,16.4,47,1.56,16.4,47,1.56
157,28.6,27,1.61,28.6,27,1.61
158,18.4,45,1.63,18.4,45,1.63
159,20.5,35,1.64,20.5,35,1.64
160,19,34,1.69,19,34,1.69
161,16.1,29,1.75,16.1,29,1.75
162,20.3,41,1.9,20.3,41,1.9
163,15.2,31,1.94,15.2,31,1.94
164,17.8,56,1.95,17.8,56,1.95
165,17.8,67,2.01,17.8,67,2.01
166,5.3,70,2.14,5.3,70,2.14
167,16.6,47,2.29,16.6,47,2.29
168,23.4,33,2.51,23.4,33,2.51
169,14.6,26,2.53,14.6,26,2.53
170,20.7,45,2.55,20.7,45,2.55
171,21.9,35,2.57,21.9,35,2.57
172,17.4,50,2.69,17.4,50,2.69
173,20.1,39,2.74,20.1,39,2.74
174,17.7,39,3.07,17.7,39,3.07
175,14.2,53,3.5,14.2,53,3.5
176,20.3,39,4.53,20.3,39,4.53
177,5.8,54,4.61,5.8,54,4.61
178,19.2,44,4.69,19.2,44,4.69
179,18.3,45,4.88,18.3,45,4.88
180,14.4,66,5.23,14.4,66,5.23
181,23.9,32,5.33,23.9,32,5.33
182,19.1,32,5.44,19.1,32,5.44
183,12.4,53,6.38,12.4,53,6.38
184,16.8,45,6.83,16.8,45,6.83
185,20.8,34,6.96,20.8,34,6.96
186,17.6,46,7.04,17.6,46,7.04
187,11.5,39,7.19,11.5,39,7.19
188,21,42,7.3,21,42,7.3
189,13.3,42,7.4,13.3,42,7.4
190,11.5,60,8.24,11.5,60,8.24
191,11.7,33,8.31,11.7,33,8.31
192,24.2,28,8.68,24.2,28,8.68
193,24.6,22,8.71,24.6,22,8.71
194,24.3,25,9.41,24.3,25,9.41
195,24.6,22,10.01,24.6,22,10.01
196,23.5,36,10.02,23.5,36,10.02
197,5.8,54,10.93,5.8,54,10.93
198,21.5,15,11.06,21.5,15,11.06
199,13.9,59,11.24,13.9,59,11.24
200,22.6,38,11.32,22.6,38,11.32
201,21.6,33,11.53,21.6,33,11.53
202,12.4,54,12.1,12.4,54,12.1
203,8.8,68,13.05,8.8,68,13.05
204,20.2,37,13.7,20.2,37,13.7
205,15.1,64,13.99,15.1,64,13.99
206,22.1,34,14.57,22.1,34,14.57
207,22.9,31,15.45,22.9,31,15.45
208,20.7,37,17.2,20.7,37,17.2
209,19.6,33,19.23,19.6,33,19.23
210,23.2,26,23.41,23.2,26,23.41
211,18.4,25,24.23,18.4,25,24.23
212,5.1,96,26,5.1,96,26
213,20.1,47,26.13,20.1,47,26.13
214,11,46,27.35,11,46,27.35
215,17,27,28.66,17,27,28.66
216,17,27,28.66,17,27,28.66
217,16.9,60,29.48,16.9,60,29.48
218,12.4,73,30.32,12.4,73,30.32
219,19.4,19,31.72,19.4,19,31.72
220,15.2,27,31.86,15.2,27,31.86
221,16.2,59,32.07,16.2,59,32.07
222,18.6,49,35.88,18.6,49,35.88
223,11,46,36.85,11,46,36.85
224,13.4,79,37.02,13.4,79,37.02
225,15.4,57,37.71,15.4,57,37.71
226,22.9,39,48.55,22.9,39,48.55
227,16.1,44,49.37,16.1,44,49.37
228,20.1,34,58.3,20.1,34,58.3
229,28.3,26,64.1,28.3,26,64.1
230,16.4,43,71.3,16.4,43,71.3
231,26.4,21,88.49,26.4,21,88.49
232,27.8,27,95.18,27.8,27,95.18
233,18.7,43,103.39,18.7,43,103.39
234,24.3,36,105.66,24.3,36,105.66
235,17.7,25,154.88,17.7,25,154.88
236,19.6,41,196.48,19.6,41,196.48
237,18.2,46,200.94,18.2,46,200.94
238,18.8,40,212.88,18.8,40,212.88
239,25.1,27,1090.84,25.1,27,1090.84
243,15.4,66,10.13,15.4,66,10.13
245,22.4,54,2.87,22.4,54,2.87
246,26.8,38,0.76,26.8,38,0.76
247,25.7,39,0.09,25.7,39,0.09
248,20.7,70,0.75,20.7,70,0.75
250,21.7,40,2.47,21.7,40,2.47
251,26.8,25,0.68,26.8,25,0.68
252,24,36,0.24,24,36,0.24
253,22.1,37,0.21,22.1,37,0.21
254,21.4,38,1.52,21.4,38,1.52
255,18.9,41,10.34,18.9,41,10.34
257,23.9,41,8.02,23.9,41,8.02
258,21.4,44,0.68,21.4,44,0.68
260,23.7,40,1.38,23.7,40,1.38
261,28.3,32,8.85,28.3,32,8.85
262,11.2,84,3.3,11.2,84,3.3
263,21.4,42,4.25,21.4,42,4.25
264,19.3,39,1.56,19.3,39,1.56
265,21.8,53,6.54,21.8,53,6.54
266,22.1,54,0.79,22.1,54,0.79
267,19.4,55,0.17,19.4,55,0.17
270,19.1,53,4.4,19.1,53,4.4
271,21.8,56,0.52,21.8,56,0.52
272,20.1,58,9.27,20.1,58,9.27
273,20.2,47,3.09,20.2,47,3.09
274,4.8,57,8.98,4.8,57,8.98
275,5.1,61,11.19,5.1,61,11.19
276,5.1,61,5.38,5.1,61,5.38
277,4.6,21,17.85,4.6,21,17.85
278,4.6,21,10.73,4.6,21,10.73
279,4.6,21,22.03,4.6,21,22.03
280,4.6,21,9.77,4.6,21,9.77
281,2.2,59,9.27,2.2,59,9.27
282,5.1,24,24.77,5.1,24,24.77
284,8.8,35,1.1,8.8,35,1.1
285,7.5,46,24.24,7.5,46,24.24
292,25.3,39,8,25.3,39,8
293,22.9,40,2.64,22.9,40,2.64
294,26.9,28,86.45,26.9,28,86.45
295,17.1,67,6.57,17.1,67,6.57
297,14.3,46,0.9,14.3,46,0.9
302,19.1,39,3.52,19.1,39,3.52
307,17.1,53,0.41,17.1,53,0.41
308,23.8,35,5.18,23.8,35,5.18
312,24.8,28,14.29,24.8,28,14.29
315,19.7,41,1.58,19.7,41,1.58
318,19.2,24,3.78,19.2,24,3.78
320,21.6,28,4.41,21.6,28,4.41
321,18.9,34,34.36,18.9,34,34.36
322,16.8,28,7.21,16.8,28,7.21
323,16.8,28,1.01,16.8,28,1.01
324,12.9,39,2.18,12.9,39,2.18
325,13.7,56,4.42,13.7,56,4.42
330,23.5,27,3.33,23.5,27,3.33
331,24.2,27,6.58,24.2,27,6.58
332,21.5,28,15.64,21.5,28,15.64
333,17.1,41,11.22,17.1,41,11.22
334,18.1,54,2.13,18.1,54,2.13
338,23,34,56.04,23,34,56.04
339,22.7,35,7.48,22.7,35,7.48
340,20.4,41,1.47,20.4,41,1.47
341,19.3,44,3.93,19.3,44,3.93
344,15.9,51,2.18,15.9,51,2.18
345,12.2,66,6.1,12.2,66,6.1
346,16.8,43,5.83,16.8,43,5.83
347,21.3,35,28.19,21.3,35,28.19
350,12.8,64,1.64,12.8,64,1.64
351,10.1,75,3.71,10.1,75,3.71
352,15.4,53,7.31,15.4,53,7.31
353,20.6,43,2.03,20.6,43,2.03
354,19.8,47,1.72,19.8,47,1.72
355,18.7,50,5.97,18.7,50,5.97
356,20.8,35,13.06,20.8,35,13.06
357,20.8,35,1.26,20.8,35,1.26
360,21.1,39,8.12,21.1,39,8.12
361,18.4,42,1.09,18.4,42,1.09
362,17.3,45,3.94,17.3,45,3.94
363,15.2,64,0.52,15.2,64,0.52
364,15.9,53,2.93,15.9,53,2.93
365,21.1,35,5.65,21.1,35,5.65
366,19.6,45,20.03,19.6,45,20.03
367,15.9,38,1.75,15.9,38,1.75
369,16.8,47,12.64,16.8,47,12.64
371,13.8,77,11.06,13.8,77,11.06
375,10.3,78,18.3,10.3,78,18.3
376,15.4,57,39.35,15.4,57,39.35
378,21.9,42,174.63,21.9,42,174.63
381,19.3,39,7.73,19.3,39,7.73
382,16.2,63,16.33,16.2,63,16.33
383,28.2,29,5.86,28.2,29,5.86
384,20.5,58,42.87,20.5,58,42.87
385,21.3,44,12.18,21.3,44,12.18
386,20.9,50,16,20.9,50,16
387,20.6,55,24.59,20.6,55,24.59
389,23.3,34,28.74,23.3,34,28.74
391,7.5,71,9.96,7.5,71,9.96
392,20.7,46,30.18,20.7,46,30.18
393,21.9,43,70.76,21.9,43,70.76
396,10.1,62,51.78,10.1,62,51.78
397,20.4,55,3.64,20.4,55,3.64
398,24.3,33,3.63,24.3,33,3.63
401,28,34,8.16,28,34,8.16
402,22.8,46,4.95,22.8,46,4.95
405,21.8,34,6.04,21.8,34,6.04
407,17,67,3.95,17,67,3.95
409,19.9,44,7.8,19.9,44,7.8
412,8.2,53,4.62,8.2,53,4.62
413,22.8,27,1.63,22.8,27,1.63
416,27.5,27,746.28,27.5,27,746.28
417,26.3,39,7.02,26.3,39,7.02
419,24.9,42,2.44,24.9,42,2.44
420,24.8,36,3.05,24.8,36,3.05
421,26.2,36,185.76,26.2,36,185.76
423,29.3,27,6.3,29.3,27,6.3
424,22.3,48,0.72,22.3,48,0.72
425,26.9,31,4.96,26.9,31,4.96
428,27.9,33,2.35,27.9,33,2.35
430,24.6,44,3.2,24.6,44,3.2
432,23.3,40,6.36,23.3,40,6.36
434,20.9,66,15.34,20.9,66,15.34
437,26.8,35,0.54,26.8,35,0.54
439,23.6,53,6.43,23.6,53,6.43
440,19.1,46,0.33,19.1,46,0.33
442,25.5,29,1.23,25.5,29,1.23
443,10.9,64,3.35,10.9,64,3.35
445,16.2,58,9.96,16.2,58,9.96
451,23.4,49,6.43,23.4,49,6.43
452,11.8,88,9.71,11.8,88,9.71
458,19.9,50,82.75,19.9,50,82.75
459,18.9,64,3.32,18.9,64,3.32
460,15.5,72,1.94,15.5,72,1.94
463,14.5,76,3.71,14.5,76,3.71
464,4.6,82,5.39,4.6,82,5.39
465,5.1,77,2.14,5.1,77,2.14
466,4.6,59,6.84,4.6,59,6.84
467,10.2,45,3.18,10.2,45,3.18
468,11.2,41,5.55,11.2,41,5.55
469,13.3,27,6.61,13.3,27,6.61
470,13.7,33,61.13,13.7,33,61.13
472,18,40,38.48,18,40,38.48
473,14.3,79,1.94,14.3,79,1.94
474,24.5,50,70.32,24.5,50,70.32
475,26.4,35,10.08,26.4,35,10.08
476,22.7,40,3.19,22.7,40,3.19
477,27.2,28,1.76,27.2,28,1.76
478,26.1,45,7.36,26.1,45,7.36
479,18.2,82,2.21,18.2,82,2.21
480,22.6,57,278.53,22.6,57,278.53
481,30.2,25,2.75,30.2,25,2.75
483,23.4,40,1.29,23.4,40,1.29
485,33.1,25,26.43,33.1,25,26.43
486,30.6,28,2.07,30.6,28,2.07
487,24.1,43,2,24.1,43,2
488,26.4,34,16.4,26.4,34,16.4
489,19.4,71,46.7,19.4,71,46.7
494,27.5,29,43.32,27.5,29,43.32
495,30.8,30,8.59,30.8,30,8.59
497,32.6,26,2.77,32.6,26,2.77
498,32.3,27,14.68,32.3,27,14.68
499,33.3,26,40.54,33.3,26,40.54
500,27.3,63,10.82,27.3,63,10.82
504,29.2,30,1.95,29.2,30,1.95
505,28.9,29,49.59,28.9,29,49.59
506,26.7,35,5.8,26.7,35,5.8
510,21.1,71,2.17,21.1,71,2.17
511,18.2,62,0.43,18.2,62,0.43
513,27.8,32,6.44,27.8,32,6.44
514,21.9,71,54.29,21.9,71,54.29
515,21.2,70,11.16,21.2,70,11.16
