"Sample Number","Culmen Length (mm)","Body Mass (g)","Sex","X","Y","Z"
1,39.1,3750,"MALE",39.1,3750,0
2,39.5,3800,"FEMALE",39.5,3800,1
3,40.3,3250,"FEMALE",40.3,3250,1
5,36.7,3450,"FEMALE",36.7,3450,1
6,39.3,3650,"MALE",39.3,3650,0
7,38.9,3625,"FEMALE",38.9,3625,1
8,39.2,4675,"MALE",39.2,4675,0
13,41.1,3200,"FEMALE",41.1,3200,1
14,38.6,3800,"MALE",38.6,3800,0
15,34.6,4400,"MALE",34.6,4400,0
16,36.6,3700,"FEMALE",36.6,3700,1
17,38.7,3450,"FEMALE",38.7,3450,1
18,42.5,4500,"MALE",42.5,4500,0
19,34.4,3325,"FEMALE",34.4,3325,1
20,46,4200,"MALE",46,4200,0
21,37.8,3400,"FEMALE",37.8,3400,1
22,37.7,3600,"MALE",37.7,3600,0
23,35.9,3800,"FEMALE",35.9,3800,1
24,38.2,3950,"MALE",38.2,3950,0
25,38.8,3800,"MALE",38.8,3800,0
26,35.3,3800,"FEMALE",35.3,3800,1
27,40.6,3550,"MALE",40.6,3550,0
28,40.5,3200,"FEMALE",40.5,3200,1
29,37.9,3150,"FEMALE",37.9,3150,1
30,40.5,3950,"MALE",40.5,3950,0
31,39.5,3250,"FEMALE",39.5,3250,1
32,37.2,3900,"MALE",37.2,3900,0
33,39.5,3300,"FEMALE",39.5,3300,1
34,40.9,3900,"MALE",40.9,3900,0
35,36.4,3325,"FEMALE",36.4,3325,1
36,39.2,4150,"MALE",39.2,4150,0
37,38.8,3950,"MALE",38.8,3950,0
38,42.2,3550,"FEMALE",42.2,3550,1
39,37.6,3300,"FEMALE",37.6,3300,1
40,39.8,4650,"MALE",39.8,4650,0
41,36.5,3150,"FEMALE",36.5,3150,1
42,40.8,3900,"MALE",40.8,3900,0
43,36,3100,"FEMALE",36,3100,1
44,44.1,4400,"MALE",44.1,4400,0
45,37,3000,"FEMALE",37,3000,1
46,39.6,4600,"MALE",39.6,4600,0
47,41.1,3425,"MALE",41.1,3425,0
49,36,3450,"FEMALE",36,3450,1
50,42.3,4150,"MALE",42.3,4150,0
51,39.6,3500,"FEMALE",39.6,3500,1
52,40.1,4300,"MALE",40.1,4300,0
53,35,3450,"FEMALE",35,3450,1
54,42,4050,"MALE",42,4050,0
55,34.5,2900,"FEMALE",34.5,2900,1
56,41.4,3700,"MALE",41.4,3700,0
57,39,3550,"FEMALE",39,3550,1
58,40.6,3800,"MALE",40.6,3800,0
59,36.5,2850,"FEMALE",36.5,2850,1
60,37.6,3750,"MALE",37.6,3750,0
61,35.7,3150,"FEMALE",35.7,3150,1
62,41.3,4400,"MALE",41.3,4400,0
63,37.6,3600,"FEMALE",37.6,3600,1
64,41.1,4050,"MALE",41.1,4050,0
65,36.4,2850,"FEMALE",36.4,2850,1
66,41.6,3950,"MALE",41.6,3950,0
67,35.5,3350,"FEMALE",35.5,3350,1
68,41.1,4100,"MALE",41.1,4100,0
69,35.9,3050,"FEMALE",35.9,3050,1
70,41.8,4450,"MALE",41.8,4450,0
71,33.5,3600,"FEMALE",33.5,3600,1
72,39.7,3900,"MALE",39.7,3900,0
73,39.6,3550,"FEMALE",39.6,3550,1
74,45.8,4150,"MALE",45.8,4150,0
75,35.5,3700,"FEMALE",35.5,3700,1
76,42.8,4250,"MALE",42.8,4250,0
77,40.9,3700,"FEMALE",40.9,3700,1
78,37.2,3900,"MALE",37.2,3900,0
79,36.2,3550,"FEMALE",36.2,3550,1
80,42.1,4000,"MALE",42.1,4000,0
81,34.6,3200,"FEMALE",34.6,3200,1
82,42.9,4700,"MALE",42.9,4700,0
83,36.7,3800,"FEMALE",36.7,3800,1
84,35.1,4200,"MALE",35.1,4200,0
85,37.3,3350,"FEMALE",37.3,3350,1
86,41.3,3550,"MALE",41.3,3550,0
87,36.3,3800,"MALE",36.3,3800,0
88,36.9,3500,"FEMALE",36.9,3500,1
89,38.3,3950,"MALE",38.3,3950,0
90,38.9,3600,"FEMALE",38.9,3600,1
91,35.7,3550,"FEMALE",35.7,3550,1
92,41.1,4300,"MALE",41.1,4300,0
93,34,3400,"FEMALE",34,3400,1
94,39.6,4450,"MALE",39.6,4450,0
95,36.2,3300,"FEMALE",36.2,3300,1
96,40.8,4300,"MALE",40.8,4300,0
97,38.1,3700,"FEMALE",38.1,3700,1
98,40.3,4350,"MALE",40.3,4350,0
99,33.1,2900,"FEMALE",33.1,2900,1
100,43.2,4100,"MALE",43.2,4100,0
101,35,3725,"FEMALE",35,3725,1
102,41,4725,"MALE",41,4725,0
103,37.7,3075,"FEMALE",37.7,3075,1
104,37.8,4250,"MALE",37.8,4250,0
105,37.9,2925,"FEMALE",37.9,2925,1
106,39.7,3550,"MALE",39.7,3550,0
107,38.6,3750,"FEMALE",38.6,3750,1
108,38.2,3900,"MALE",38.2,3900,0
109,38.1,3175,"FEMALE",38.1,3175,1
110,43.2,4775,"MALE",43.2,4775,0
111,38.1,3825,"FEMALE",38.1,3825,1
112,45.6,4600,"MALE",45.6,4600,0
113,39.7,3200,"FEMALE",39.7,3200,1
114,42.2,4275,"MALE",42.2,4275,0
115,39.6,3900,"FEMALE",39.6,3900,1
116,42.7,4075,"MALE",42.7,4075,0
117,38.6,2900,"FEMALE",38.6,2900,1
118,37.3,3775,"MALE",37.3,3775,0
119,35.7,3350,"FEMALE",35.7,3350,1
120,41.1,3325,"MALE",41.1,3325,0
121,36.2,3150,"FEMALE",36.2,3150,1
122,37.7,3500,"MALE",37.7,3500,0
123,40.2,3450,"FEMALE",40.2,3450,1
124,41.4,3875,"MALE",41.4,3875,0
125,35.2,3050,"FEMALE",35.2,3050,1
126,40.6,4000,"MALE",40.6,4000,0
127,38.8,3275,"FEMALE",38.8,3275,1
128,41.5,4300,"MALE",41.5,4300,0
129,39,3050,"FEMALE",39,3050,1
130,44.1,4000,"MALE",44.1,4000,0
131,38.5,3325,"FEMALE",38.5,3325,1
132,43.1,3500,"MALE",43.1,3500,0
133,36.8,3500,"FEMALE",36.8,3500,1
134,37.5,4475,"MALE",37.5,4475,0
135,38.1,3425,"FEMALE",38.1,3425,1
136,41.1,3900,"MALE",41.1,3900,0
137,35.6,3175,"FEMALE",35.6,3175,1
138,40.2,3975,"MALE",40.2,3975,0
139,37,3400,"FEMALE",37,3400,1
140,39.7,4250,"MALE",39.7,4250,0
141,40.2,3400,"FEMALE",40.2,3400,1
142,40.6,3475,"MALE",40.6,3475,0
143,32.1,3050,"FEMALE",32.1,3050,1
144,40.7,3725,"MALE",40.7,3725,0
145,37.3,3000,"FEMALE",37.3,3000,1
146,39,3650,"MALE",39,3650,0
147,39.2,4250,"MALE",39.2,4250,0
148,36.6,3475,"FEMALE",36.6,3475,1
149,36,3450,"FEMALE",36,3450,1
150,37.8,3750,"MALE",37.8,3750,0
151,36,3700,"FEMALE",36,3700,1
152,41.5,4000,"MALE",41.5,4000,0
