"Sample Number","Flipper Length (mm)","Body Mass (g)","X","Z"
1,181,3750,181,3750
2,186,3800,186,3800
3,195,3250,195,3250
5,193,3450,193,3450
6,190,3650,190,3650
7,181,3625,181,3625
8,195,4675,195,4675
9,193,3475,193,3475
10,190,4250,190,4250
11,186,3300,186,3300
12,180,3700,180,3700
13,182,3200,182,3200
14,191,3800,191,3800
15,198,4400,198,4400
16,185,3700,185,3700
17,195,3450,195,3450
18,197,4500,197,4500
19,184,3325,184,3325
20,194,4200,194,4200
21,174,3400,174,3400
22,180,3600,180,3600
23,189,3800,189,3800
24,185,3950,185,3950
25,180,3800,180,3800
26,187,3800,187,3800
27,183,3550,183,3550
28,187,3200,187,3200
29,172,3150,172,3150
30,180,3950,180,3950
31,178,3250,178,3250
32,178,3900,178,3900
33,188,3300,188,3300
34,184,3900,184,3900
35,195,3325,195,3325
36,196,4150,196,4150
37,190,3950,190,3950
38,180,3550,180,3550
39,181,3300,181,3300
40,184,4650,184,4650
41,182,3150,182,3150
42,195,3900,195,3900
43,186,3100,186,3100
44,196,4400,196,4400
45,185,3000,185,3000
46,190,4600,190,4600
47,182,3425,182,3425
48,179,2975,179,2975
49,190,3450,190,3450
50,191,4150,191,4150
51,186,3500,186,3500
52,188,4300,188,4300
53,190,3450,190,3450
54,200,4050,200,4050
55,187,2900,187,2900
56,191,3700,191,3700
57,186,3550,186,3550
58,193,3800,193,3800
59,181,2850,181,2850
60,194,3750,194,3750
61,185,3150,185,3150
62,195,4400,195,4400
63,185,3600,185,3600
64,192,4050,192,4050
65,184,2850,184,2850
66,192,3950,192,3950
67,195,3350,195,3350
68,188,4100,188,4100
69,190,3050,190,3050
70,198,4450,198,4450
71,190,3600,190,3600
72,190,3900,190,3900
73,196,3550,196,3550
74,197,4150,197,4150
75,190,3700,190,3700
76,195,4250,195,4250
77,191,3700,191,3700
78,184,3900,184,3900
79,187,3550,187,3550
80,195,4000,195,4000
81,189,3200,189,3200
82,196,4700,196,4700
83,187,3800,187,3800
84,193,4200,193,4200
85,191,3350,191,3350
86,194,3550,194,3550
87,190,3800,190,3800
88,189,3500,189,3500
89,189,3950,189,3950
90,190,3600,190,3600
91,202,3550,202,3550
92,205,4300,205,4300
93,185,3400,185,3400
94,186,4450,186,4450
95,187,3300,187,3300
96,208,4300,208,4300
97,190,3700,190,3700
98,196,4350,196,4350
99,178,2900,178,2900
100,192,4100,192,4100
101,192,3725,192,3725
102,203,4725,203,4725
103,183,3075,183,3075
104,190,4250,190,4250
105,193,2925,193,2925
106,184,3550,184,3550
107,199,3750,199,3750
108,190,3900,190,3900
109,181,3175,181,3175
110,197,4775,197,4775
111,198,3825,198,3825
112,191,4600,191,4600
113,193,3200,193,3200
114,197,4275,197,4275
115,191,3900,191,3900
116,196,4075,196,4075
117,188,2900,188,2900
118,199,3775,199,3775
119,189,3350,189,3350
120,189,3325,189,3325
121,187,3150,187,3150
122,198,3500,198,3500
123,176,3450,176,3450
124,202,3875,202,3875
125,186,3050,186,3050
126,199,4000,199,4000
127,191,3275,191,3275
128,195,4300,195,4300
129,191,3050,191,3050
130,210,4000,210,4000
131,190,3325,190,3325
132,197,3500,197,3500
133,193,3500,193,3500
134,199,4475,199,4475
135,187,3425,187,3425
136,190,3900,190,3900
137,191,3175,191,3175
138,200,3975,200,3975
139,185,3400,185,3400
140,193,4250,193,4250
141,193,3400,193,3400
142,187,3475,187,3475
143,188,3050,188,3050
144,190,3725,190,3725
145,192,3000,192,3000
146,185,3650,185,3650
147,190,4250,190,4250
148,184,3475,184,3475
149,195,3450,195,3450
150,193,3750,193,3750
151,187,3700,187,3700
152,201,4000,201,4000
