"source_row","cement_kg_m3","water_kg_m3","strength_mpa","X","Y","Z"
1,540,162,79.98611076,540,162,79.98611076
2,540,162,61.88736576,540,162,61.88736576
8,380,228,36.447769788,380,228,36.447769788
9,266,228,45.854290856,266,228,45.854290856
10,475,228,39.28978986,475,228,39.28978986
12,198.6,192,28.021683592,198.6,192,28.021683592
15,304,228,47.813781648,304,228,47.813781648
22,139.6,192,28.23748958,139.6,192,28.23748958
29,427.5,228,37.427515184,427.5,228,37.427515184
37,237.5,228,30.079769452,237.5,228,30.079769452
60,332.5,228,33.01900564,332.5,228,33.01900564
69,190,228,40.856968808,190,228,40.856968808
70,485,146,71.98818916,485,146,71.98818916
117,374,170.1,61.09446836,374,170.1,61.09446836
118,313.3,175.5,59.79825348,313.3,175.5,59.79825348
119,425,153.5,60.2946762,425,153.5,60.2946762
120,425,151.4,61.79773388,425,151.4,61.79773388
121,375,126.6,56.69561148,375,126.6,56.69561148
122,475,181.1,68.29949256,475,181.1,68.29949256
123,469,137.8,66.89985628,469,137.8,66.89985628
124,425,153.5,60.2946762,425,153.5,60.2946762
125,388.6,157.9,50.69717028,388.6,157.9,50.69717028
126,531.3,141.8,56.3991368,531.3,141.8,56.3991368
127,425,153.5,60.2946762,425,153.5,60.2946762
128,318.8,155.7,55.49592324,318.8,155.7,55.49592324
129,401.8,147.4,68.4994406,401.8,147.4,68.4994406
130,362.6,164.9,71.29871316,362.6,164.9,71.29871316
131,323.7,183.8,74.69782984,323.7,183.8,74.69782984
132,379.5,153.9,52.20022796,379.5,153.9,52.20022796
133,362.6,164.9,71.29871316,362.6,164.9,71.29871316
134,286.3,144.7,67.69964844,286.3,144.7,67.69964844
135,362.6,164.9,71.29871316,362.6,164.9,71.29871316
136,439,186,65.99664272,439,186,65.99664272
137,389.9,145.9,74.4978818,389.9,145.9,74.4978818
138,362.6,164.9,71.29871316,362.6,164.9,71.29871316
139,337.9,174.9,49.89737812,337.9,174.9,49.89737812
187,222.36,189.29,24.8900836,222.36,189.29,24.8900836
192,233.81,197.89,22.83544512,233.81,197.89,22.83544512
197,194.68,165.62,25.72434956,194.68,165.62,25.72434956
202,190.68,162.14,26.40003604,190.68,162.14,26.40003604
207,212.07,180.31,24.90387312,212.07,180.31,24.90387312
212,229.97,195.47,24.48329276,229.97,195.47,24.48329276
217,190.34,161.85,28.46846404,190.34,161.85,28.46846404
222,166.09,176.46,21.53923024,166.09,176.46,21.53923024
227,167.95,121.75,24.24197616,167.95,121.75,24.24197616
232,213.72,181.71,45.70536404,213.72,181.71,45.70536404
237,213.76,181.74,40.2309246,213.76,181.74,40.2309246
242,229.68,195.23,24.53845084,229.68,195.23,24.53845084
247,238.05,186.66,30.2335226,238.05,186.66,30.2335226
252,250,187.42,29.21999288,250,187.42,29.21999288
257,212.52,159.32,31.64005364,212.52,159.32,31.64005364
262,212.57,159.35,37.404073,212.57,159.35,37.404073
267,212,159,38.50033984,212,159,38.50033984
272,231.75,173.96,33.72916592,231.75,173.96,33.72916592
277,251.37,188.45,29.65436276,251.37,188.45,29.65436276
282,251.37,188.45,32.66047812,251.37,188.45,32.66047812
287,181.38,169.59,27.77209328,181.38,169.59,27.77209328
292,182.04,170.21,31.2677366,182.04,170.21,31.2677366
297,168.88,158.33,31.11605188,168.88,158.33,31.11605188
302,290.35,168.08,34.73580088,290.35,168.08,34.73580088
307,277.05,160.6,48.28400428,277.05,160.6,48.28400428
312,295.71,171.54,39.94134468,295.71,171.54,39.94134468
317,251.81,146.14,33.94290348,251.81,146.14,33.94290348
322,249.1,158.11,30.84715624,249.1,158.11,30.84715624
327,252.31,146.25,50.60064364,252.31,146.25,50.60064364
332,246.83,143.3,52.5035974,246.83,143.3,52.5035974
337,275.07,159.48,51.3314882,275.07,159.48,51.3314882
342,297.16,174.8,47.401475,297.16,174.8,47.401475
347,213.74,154.79,40.14818748,213.74,154.79,40.14818748
352,213.5,154.61,45.93978588,213.5,154.61,45.93978588
357,277.19,160.7,63.14221208,277.19,160.7,63.14221208
362,218.23,140.75,55.50971276,218.23,140.75,55.50971276
367,214.9,155.63,52.20022796,214.9,155.63,52.20022796
372,218.85,158.49,30.21973308,218.85,158.49,30.21973308
377,376,214.6,31.97100212,376,214.6,31.97100212
380,500,140,67.568648,500,140,67.568648
381,475,142,57.226508,475,142,57.226508
382,315,145,81.75116932,315,145,81.75116932
383,505,195,64.0178466,505,195,64.0178466
384,451,165,78.80021204,451,165,78.80021204
385,516,162,41.36856,516,162,41.36856
386,520,170,60.28088668,520,170,60.28088668
387,528,185,56.83350668,528,185,56.83350668
388,520,175,51.021224,520,175,51.021224
389,385,158,55.55108132,385,158,55.55108132
390,500.1,200,44.13335876,500.1,200,44.13335876
391,450.1,200,39.37597436,450.1,200,39.37597436
392,397,167,55.64760796,397,167,55.64760796
393,333,167,47.27736932,333,167,47.27736932
394,334,189,44.32641204,334,189,44.32641204
395,405,175,52.30364936,405,175,52.30364936
396,200,190,49.24927068,200,190,49.24927068
397,516,162,41.36856,516,162,41.36856
398,145,184,29.15794004,145,184,29.15794004
399,160,182,39.39665864,160,182,39.39665864
400,234,189,39.300132,234,189,39.300132
401,250,159,67.86512268,250,159,67.86512268
402,475,162,58.52272288,475,162,58.52272288
403,285,163,53.57917996,285,163,53.57917996
404,356,160,58.99846132,356,160,58.99846132
405,275,162,76.23536132,275,162,76.23536132
406,500,151,69.83702404,500,151,69.83702404
433,165,163.81,26.200088,165,163.81,26.200088
434,165,175.06,46.38794528,165,175.06,46.38794528
435,178.03,179.94,39.1622368,178.03,179.94,39.1622368
436,167.35,175.46,41.20308576,167.35,175.46,41.20308576
437,172.38,156.76,33.68779736,172.38,156.76,33.68779736
438,173.54,164.77,38.20386516,173.54,164.77,38.20386516
439,167,164.03,41.40992856,167,164.03,41.40992856
440,173.81,172.34,37.81086384,173.81,172.34,37.81086384
441,190.34,166.61,24.84871504,190.34,166.61,24.84871504
442,250,191.84,27.22051248,250,191.84,27.22051248
443,213.5,159.21,44.63667624,213.5,159.21,44.63667624
444,194.68,170.17,37.2661778,194.68,170.17,37.2661778
445,251.37,192.94,33.27411176,251.37,192.94,33.27411176
472,446,162,57.02655996,446,162,57.02655996
473,446,162,44.42293868,446,162,44.42293868
474,446,162,51.021224,446,162,51.021224
475,446,162,53.38612668,446,162,53.38612668
486,387,157,50.23522136,387,157,50.23522136
487,387,157,46.68441996,387,157,46.68441996
488,387,157,46.68441996,387,157,46.68441996
498,355,145,44.02993736,355,145,44.02993736
499,355,145,55.45455468,355,145,55.45455468
500,491,210,55.55108132,491,210,55.55108132
501,491,201,57.915984,491,201,57.915984
508,424,178,62.05284,424,178,62.05284
510,424,168,72.09850532,424,168,72.09850532
516,202,206,21.96670536,202,206,21.96670536
520,284,179,43.73346268,284,179,43.73346268
524,359,154,62.93536928,359,154,62.93536928
525,359,154,59.49488404,359,154,59.49488404
532,436,218,23.84897484,436,218,23.84897484
537,393,192,39.604880392,393,192,39.604880392
538,480,192,43.942373908,480,192,43.942373908
546,255,192,18.746162964,255,192,18.746162964
547,333,192,31.966865264,333,192,31.966865264
549,289,192,25.573354316,289,192,25.573354316
556,181.9,185.7,27.935499092,181.9,185.7,27.935499092
557,193.5,185.7,32.626693796,193.5,185.7,32.626693796
560,239.6,185.7,39.435269296,239.6,185.7,39.435269296
561,220.8,185.7,25.74503384,220.8,185.7,25.74503384
562,397,185.7,33.082437432,397,185.7,33.082437432
565,158.8,185.7,21.066249704,158.8,185.7,21.066249704
567,255.5,185.7,32.051670812,255.5,185.7,32.051670812
570,381.4,185.7,22.489328168,381.4,185.7,22.489328168
571,295.8,185.7,25.216895224,295.8,185.7,25.216895224
572,228,185.7,39.699338604,228,185.7,39.699338604
574,316.1,185.7,38.70028788,316.1,185.7,38.70028788
576,238.1,185.7,17.576122192,238.1,185.7,17.576122192
578,135.7,185.7,18.19871902,135.7,185.7,18.19871902
580,203.5,185.7,22.629981272,203.5,185.7,22.629981272
583,170.3,185.7,25.726417988,170.3,185.7,25.726417988
584,210.7,185.7,37.813621744,210.7,185.7,37.813621744
586,290.2,185.7,33.0431373,290.2,185.7,33.0431373
588,238.2,185.7,26.91369566,238.2,185.7,26.91369566
590,339.2,185.7,31.899986092,339.2,185.7,31.899986092
592,252.5,185.7,19.765208492,252.5,185.7,19.765208492
593,382.5,185.7,37.437857324,382.5,185.7,37.437857324
596,186.2,185.7,17.596806472,186.2,185.7,17.596806472
598,272.8,185.7,31.38150014,272.8,185.7,31.38150014
602,339,197,32.03994972,339,197,32.03994972
608,236,194,18.41590396,236,194,18.41590396
613,277,191,25.96566616,277,191,25.96566616
625,307,193,27.53077668,307,193,27.53077668
629,200,180,12.24509376,200,180,12.24509376
631,225,181,17.3403214,225,181,17.3403214
633,325,184,30.57136584,325,184,30.57136584
635,275,183,24.49708228,275,183,24.49708228
637,300,184,26.84819544,300,184,26.84819544
639,375,186,38.21075992,375,186,38.21075992
640,400,187,43.69898888,400,187,43.69898888
643,250,182,20.87043852,250,182,20.87043852
645,350,186,34.29453624,350,186,34.29453624
649,141.3,203.5,29.89223198,141.3,203.5,29.89223198
655,122.6,203.5,24.290928956,122.6,203.5,24.290928956
656,166.8,203.5,33.947729812,166.8,203.5,33.947729812
658,108.3,203.5,20.593958644,108.3,203.5,20.593958644
663,157,192,33.664355176,157,192,33.664355176
664,133,192,27.874825204,133,192,27.874825204
668,192,192,39.321505756,192,192,39.321505756
671,305.3,203.5,43.377003588,305.3,203.5,43.377003588
679,288,192,38.804398756,288,192,38.804398756
680,212,203.5,33.003837168,212,203.5,33.003837168
681,102,192,17.275510656,102,192,17.275510656
682,173,192,24.281965768,173,192,24.281965768
683,183.9,203.5,24.046164976,183.9,203.5,24.046164976
694,153,192,17.96429718,153,192,17.96429718
695,236,192,32.88455782,236,192,32.88455782
696,116,192,22.347985588,116,192,22.347985588
699,203.5,203.5,41.684340008,203.5,203.5,41.684340008
704,200,192,30.439675924,200,192,30.439675924
711,250.2,203.5,36.964187312,250.2,203.5,36.964187312
724,310,192,27.82725136,310,192,27.82725136
729,331,192,31.74347504,331,192,31.74347504
734,349,192,33.60506024,349,192,33.60506024
738,238,186,17.54026944,238,186,17.54026944
740,296,186,25.17966352,296,186,25.17966352
742,480,192,43.89204216,480,192,43.89204216
744,397,186,36.93522932,397,186,36.93522932
746,281,185,22.43554904,281,185,22.43554904
751,500,200,44.0919902,500,200,44.0919902
754,540,173,67.30664712,540,173,67.30664712
760,350,203,27.3377234,350,203,27.3377234
768,385,186,31.35047372,385,186,31.35047372
774,382,186,37.42475728,382,186,37.42475728
776,281,186,22.43554904,281,186,22.43554904
778,339,185,31.84000168,339,185,31.84000168
780,295,185,25.17966352,295,185,25.17966352
781,238,185,17.54026944,238,185,17.54026944
783,296,192,21.6495464,296,192,21.6495464
787,331,192,31.44700036,331,192,31.44700036
790,349,192,32.72253096,349,192,32.72253096
802,252,185,19.69143456,252,185,19.69143456
803,339,185,31.6469484,339,185,31.6469484
805,393,192,39.58281716,393,192,39.58281716
808,382,185,37.42475728,382,185,37.42475728
810,252,185,19.69143456,252,185,19.69143456
812,310,192,27.923778,310,192,27.923778
819,525,189,55.94408264,525,189,55.94408264
823,322,203,25.17966352,322,203,25.17966352
825,302,203,21.7529678,302,203,21.7529678
826,397,185,39.0932892,397,185,39.0932892
829,522,146,74.98740976,522,146,74.98740976
830,273,210,37.16965116,273,210,37.16965116
831,162,179,33.75674496,162,179,33.75674496
832,154,220,16.49916068,154,220,16.49916068
833,147,202,19.98790924,147,202,19.98790924
834,152,168,36.34917472,152,168,36.34917472
835,310,168,33.68779736,310,168,33.68779736
836,144,158,15.41668336,144,158,15.41668336
837,304,214,33.41890172,304,214,33.41890172
838,374,190,39.05192064,374,190,39.05192064
839,159,175,27.67556664,159,175,27.67556664
840,153,200,26.8550902,153,200,26.8550902
841,310,168,45.2985732,310,168,45.2985732
842,305,196,30.12320644,305,196,30.12320644
843,151,167,15.56836808,151,167,15.56836808
844,142,174,44.6090972,142,174,44.6090972
845,298,201,53.52402188,298,201,53.52402188
846,321,190,57.21271848,321,190,57.21271848
847,366,191,65.90701084,366,191,65.90701084
848,280,172,52.82075636,280,172,52.82075636
849,252,194,33.39821744,252,194,33.39821744
850,165,182,18.0297974,165,182,18.0297974
851,156,180,37.36270444,156,180,37.36270444
852,160,203,32.83974188,160,203,32.83974188
853,298,186,42.63719584,298,186,42.63719584
854,318,210,40.0585556,318,210,40.0585556
855,287,188,41.94082508,287,188,41.94082508
856,326,174,61.23236356,326,174,61.23236356
857,356,193,40.86524252,356,193,40.86524252
858,132,179,33.3016908,132,179,33.3016908
859,322,186,52.42086028,322,186,52.42086028
860,164,181,15.08573488,164,181,15.08573488
861,314,170,38.45897128,314,170,38.45897128
862,321,182,37.25928304,321,182,37.25928304
863,140,237,35.22532884,140,237,35.22532884
864,288,177,42.13387836,288,177,42.13387836
865,298,210,31.87447548,298,210,31.87447548
866,265,195,41.540929,265,195,41.540929
867,160,168,39.45181672,160,168,39.45181672
868,166,183,37.91428524,166,183,37.91428524
869,276,180,44.27814872,276,180,44.27814872
870,322,196,31.17810472,322,196,31.17810472
871,149,193,23.69039536,149,193,23.69039536
872,159,176,32.76389952,159,176,32.76389952
873,261,201,32.39847724,261,201,32.39847724
874,237,247,28.62704352,237,247,28.62704352
875,313,178,36.80422888,313,178,36.80422888
876,155,193,18.28490352,155,193,18.28490352
877,146,202,33.0603742,146,202,33.0603742
878,296,221,31.41942132,296,221,31.41942132
879,133,196,31.02642,133,196,31.02642
880,313,178,44.38846488,313,178,44.38846488
881,152,184,12.17614616,152,184,12.17614616
882,153,178,25.55887532,153,178,25.55887532
883,140,200,36.4388066,140,200,36.4388066
884,149,176,32.9569528,149,176,32.9569528
885,300,212,23.83518532,300,212,23.83518532
886,153,178,26.22766704,153,178,26.22766704
887,148,158,17.95395504,148,158,17.95395504
888,326,199,40.679084,326,199,40.679084
889,153,178,19.00885332,153,178,19.00885332
890,262,195,33.7153764,262,195,33.7153764
891,158,220,8.53571288,158,220,8.53571288
892,151,167,13.45857152,151,167,13.45857152
893,273,199,32.23989776,273,199,32.23989776
894,149,183,23.51802636,149,183,23.51802636
895,143,191,29.72331036,143,191,29.72331036
896,260,171,49.77327244,260,171,49.77327244
897,313,178,52.44154456,313,178,52.44154456
898,284,168,40.93419012,284,168,40.93419012
899,336,182,44.86420332,336,182,44.86420332
900,145,181,13.19657064,145,181,13.19657064
901,150,174,37.43165204,150,174,37.43165204
902,144,192,29.86810032,144,192,29.86810032
903,331,195,56.61287436,331,195,56.61287436
904,155,193,12.45883132,155,193,12.45883132
905,155,193,23.786922,155,193,23.786922
906,135,180,13.29309728,135,180,13.29309728
907,266,178,39.41734292,266,178,39.41734292
908,314,179,46.2293658,314,179,46.2293658
909,313,127,44.51946532,313,127,44.51946532
910,146,182,23.73865868,146,182,23.73865868
911,144,178,26.14492992,144,178,26.14492992
912,148,181,15.52010476,148,181,15.52010476
913,277,191,43.5748832,277,191,43.5748832
914,298,164,35.85964676,298,164,35.85964676
915,313,178,41.05140104,313,178,41.05140104
916,155,194,28.98557104,155,194,28.98557104
917,289,195,46.24315532,289,195,46.24315532
918,148,171,26.91714304,148,171,26.91714304
919,145,202,10.53519328,145,202,10.53519328
920,313,178,25.0969264,313,178,25.0969264
921,136,172,29.06830816,136,172,29.06830816
922,155,193,9.73540112,155,193,9.73540112
923,255,189,33.79811352,255,189,33.79811352
924,162,216,39.84481804,162,216,39.84481804
925,136,199,26.96540636,136,199,26.96540636
926,164,197,27.234302,164,197,27.234302
927,162,202,30.6472082,162,202,30.6472082
928,157,200,33.05347944,157,200,33.05347944
929,149,192,24.5798194,149,192,24.5798194
930,135,196,21.91154728,135,196,21.91154728
931,159,201,30.88163004,159,201,30.88163004
932,144,176,15.340841,144,176,15.340841
933,154,228,24.3385028,154,228,24.3385028
934,167,185,23.8903434,167,185,23.8903434
935,184,213,22.93197176,184,213,22.93197176
936,156,221,29.41304616,156,221,29.41304616
937,236.9,246.9,28.629801424,236.9,246.9,28.629801424
938,313.3,178.5,36.804918356,313.3,178.5,36.804918356
939,154.8,193.3,18.287661424,154.8,193.3,18.287661424
940,145.9,202.5,32.720462532,145.9,202.5,32.720462532
941,296,221.4,31.420110796,296,221.4,31.420110796
942,133.1,195.7,28.937997196,133.1,195.7,28.937997196
943,313.3,178.5,40.925226932,313.3,178.5,40.925226932
944,151.6,184.4,12.180972492,151.6,184.4,12.180972492
945,153.1,178.5,25.559564796,153.1,178.5,25.559564796
946,139.9,200.3,36.443632932,139.9,200.3,36.443632932
947,149.5,175.8,32.96384756,149.5,175.8,32.96384756
948,299.8,211.5,23.835874796,299.8,211.5,23.835874796
949,153.1,178.5,26.233182848,153.1,178.5,26.233182848
950,148.1,158.1,17.959470848,148.1,158.1,17.959470848
951,326.5,199,38.630650804,326.5,199,38.630650804
952,152.7,178.1,19.009542796,152.7,178.1,19.009542796
953,261.9,195.4,33.71882378,261.9,195.4,33.71882378
954,158.4,219.7,8.536402356,158.4,219.7,8.536402356
955,150.7,166.7,13.461329424,150.7,166.7,13.461329424
956,272.6,198.7,32.245413568,272.6,198.7,32.245413568
957,149,182.9,23.524231644,149,182.9,23.524231644
958,143,190.7,29.726068264,143,190.7,29.726068264
959,259.9,170.6,49.77327244,259.9,170.6,49.77327244
960,312.9,177.6,52.446370892,312.9,177.6,52.446370892
961,284,168.3,40.934879596,284,168.3,40.934879596
962,336.5,181.9,44.868340176,336.5,181.9,44.868340176
963,144.8,180.8,13.202086448,144.8,180.8,13.202086448
964,150,173.8,37.43165204,150,173.8,37.43165204
965,143.7,191.6,29.870858224,143.7,191.6,29.870858224
966,330.5,194.9,56.619079644,330.5,194.9,56.619079644
967,154.8,193.3,12.459520796,154.8,193.3,12.459520796
968,154.8,193.3,23.786922,154.8,193.3,23.786922
969,134.7,180.2,13.293786756,134.7,180.2,13.293786756
970,266.2,177.9,39.421479776,266.2,177.9,39.421479776
971,314,178.9,46.234192132,314,178.9,46.234192132
972,312.7,127.3,44.523602176,312.7,127.3,44.523602176
973,145.7,181.9,23.744174488,145.7,181.9,23.744174488
974,143.8,178.1,26.147687824,143.8,178.1,26.147687824
975,148.1,181.4,15.526310044,148.1,181.4,15.526310044
976,277,190.6,43.57833058,277,190.6,43.57833058
977,298.1,163.6,35.865852044,298.1,163.6,35.865852044
978,313.3,178.5,41.053469468,313.3,178.5,41.053469468
979,155.2,193.8,28.991086848,155.2,193.8,28.991086848
980,289,194.9,46.247292176,289,194.9,46.247292176
981,147.8,171.2,26.922658848,147.8,171.2,26.922658848
982,145.4,201.7,10.535882756,145.4,201.7,10.535882756
983,312.7,178.1,25.10382116,312.7,178.1,25.10382116
984,136.4,171.6,29.073134492,136.4,171.6,29.073134492
985,154.8,193.3,9.738159024,154.8,193.3,9.738159024
986,255.3,188.6,33.798802996,255.3,188.6,33.798802996
987,272.8,209.7,37.171030112,272.8,209.7,37.171030112
988,162,178.8,33.762260768,162,178.8,33.762260768
989,153.6,220.1,16.503987012,153.6,220.1,16.503987012
990,146.5,201.9,19.98790924,146.5,201.9,19.98790924
991,151.8,167.5,36.349864196,151.8,167.5,36.349864196
992,309.9,167.8,38.215586252,309.9,167.8,38.215586252
993,143.6,158.4,15.42357812,143.6,158.4,15.42357812
994,303.6,213.5,33.419591196,303.6,213.5,33.419591196
995,374.3,190.2,39.056057496,374.3,190.2,39.056057496
996,158.6,175.1,27.681082448,158.6,175.1,27.681082448
997,152.6,200,26.859916532,152.6,200,26.859916532
998,310,167.9,45.304778484,310,167.9,45.304778484
999,304.8,196,30.12320644,304.8,196,30.12320644
1000,150.9,166.6,15.569747032,150.9,166.6,15.569747032
1001,141.9,173.5,44.611855104,141.9,173.5,44.611855104
1002,297.8,201.3,53.524711356,297.8,201.3,53.524711356
1003,321.3,190.5,57.218234288,321.3,190.5,57.218234288
1004,366,191.3,65.909079268,366,191.3,65.909079268
1005,279.8,172.4,52.826961644,279.8,172.4,52.826961644
1006,252.1,193.8,33.399596392,252.1,193.8,33.399596392
1007,164.6,181.6,18.033934256,164.6,181.6,18.033934256
1008,155.6,180.3,37.363393916,155.6,180.3,37.363393916
1009,160.2,203.2,35.314271244,160.2,203.2,35.314271244
1010,298.1,186.4,42.6440906,298.1,186.4,42.6440906
1011,317.9,209.7,40.06200298,317.9,209.7,40.06200298
1012,287.3,187.6,43.798273424,287.3,187.6,43.798273424
1013,325.6,174,61.23581094,325.6,174,61.23581094
1014,355.9,193.3,40.8686899,355.9,193.3,40.8686899
1015,132,178.9,33.306517132,132,178.9,33.306517132
1016,322.5,185.8,52.426376088,322.5,185.8,52.426376088
1017,164.2,181.2,15.091250688,164.2,181.2,15.091250688
1018,313.8,169.9,38.461039708,313.8,169.9,38.461039708
1019,321.4,182.5,37.265488324,321.4,182.5,37.265488324
1020,139.7,236.7,35.22532884,139.7,236.7,35.22532884
1021,288.4,177.4,42.140083644,288.4,177.4,42.140083644
1022,298.2,209.7,31.875164956,298.2,209.7,31.875164956
1023,264.5,195.5,41.542307952,264.5,195.5,41.542307952
1024,159.8,168.4,39.455953576,159.8,168.4,39.455953576
1025,166,183.2,37.917043144,166,183.2,37.917043144
1026,276.4,179.6,44.284354004,276.4,179.6,44.284354004
1027,322.2,196,31.178794196,322.2,196,31.178794196
1028,148.5,192.7,23.696600644,148.5,192.7,23.696600644
1029,159.1,175.6,32.768036376,159.1,175.6,32.768036376
1030,260.9,200.6,32.401235144,260.9,200.6,32.401235144
